Comment,Designator,Footprint,LCSC,Quantity
10kR,"R2,R4",R_0603_1608Metric,C12030,2
1MR,R3,R_0603_1608Metric,C12038,1
27R,"R1,R5",R_0603_1608Metric,C22789,2
C10nF,"C1,C2",C_0603_1608Metric,C1589,2
C10uF,C3,CP_Elec_5x3,C503219,1
C15pF,"C5,C6",C_0603_1608Metric,C1644,2
C1uF,C4,C_0603_1608Metric,C14664,1
Crystal 12MHz,Y2,Crystal_SMD_3225-4Pin_3.2x2.5mm,C70565,1
LT1962-3.3,U3,MSOP-8_3x3mm_P0.65mm,C107774,1
Micro_SD_Card,J2,microSD_HC_Molex_47219-2001,C164170,1
RP2040,U1,QFN-56-1EP_7x7mm_P0.4mm_EP3.2x3.2mm,C2040,1
SW_Push,SW1,SW_Push_1P1T_NO_CK_KMR2,C72443,1
USB_A,J3,USB_A_Connfly_DS1098_Horizontal,C386752,1
W25Q16JVSS,U4,SOIC-8_5.3x5.3mm_P1.27mm,C82317,1
WS2812B,D2,LED_WS2812B_PLCC4_5.0x5.0mm_P3.2mm,C2846931,1
