Designator,Val,Package,Mid X,Mid Y,Rotation,Layer
C1,C10nF,C_0603_1608Metric,131.275,-40.0,0.0,bottom
C2,C10nF,C_0603_1608Metric,127.725,-52.0,0.0,bottom
C3,C10uF,CP_Elec_5x3,130.008219,-44.213574,180.0,bottom
C4,C1uF,C_0603_1608Metric,130.751185,-52.013178,0.0,bottom
C5,C15pF,C_0603_1608Metric,130.725,-41.0,0.0,top
C6,C15pF,C_0603_1608Metric,130.725,-49.5,0.0,top
D2,WS2812B,LED_WS2812B_PLCC4_5.0x5.0mm_P3.2mm,115.06,-49.65,0.0,top
J2,Micro_SD_Card,microSD_HC_Molex_47219-2001,112.95,-45.75,90.0,bottom
J3,USB_A,USB_A_Connfly_DS1098_Horizontal,137.2,-46.0,180.0,bottom
R1,27R,R_0603_1608Metric,133.825,-52.0,0.0,bottom
R2,10kR,R_0603_1608Metric,110.0,-48.0,90.0,top
R3,1MR,R_0603_1608Metric,128.1,-40.0,0.0,bottom
R4,10kR,R_0603_1608Metric,121.0,-47.0,270.0,bottom
R5,27R,R_0603_1608Metric,133.77211,-40.0,270.0,bottom
SW1,SW_Push,SW_Push_1P1T_NO_CK_KMR2,107.36,-49.17,90.0,top
U1,RP2040,QFN-56-1EP_7x7mm_P0.4mm_EP3.2x3.2mm,122.842113,-45.203472,45.0,top
U3,LT1962-3.3,MSOP-8_3x3mm_P0.65mm,130.3875,-49.025,180.0,bottom
U4,W25Q16JVSS,SOIC-8_5.3x5.3mm_P1.27mm,112.6,-42.4,270.0,top
Y2,Crystal 12MHz,Crystal_SMD_3225-4Pin_3.2x2.5mm,130.72,-44.85,0.0,top
