"Footprint","Part Value","LCSC Part"
"CP_Elec_5x3","C10uF","C503219"
"C_0603_1608Metric","C10nF","C1589"
"C_0603_1608Metric","C1uF","C14664"
"C_0603_1608Metric","C15pF","C1644"
"Crystal_SMD_3225-4Pin_3.2x2.5mm","Crystal 12MHz","C70565"
"LED_WS2812B_PLCC4_5.0x5.0mm_P3.2mm","WS2812B","C2846931"
"MSOP-8_3x3mm_P0.65mm","LT1962-3.3","C107774"
"QFN-56-1EP_7x7mm_P0.4mm_EP3.2x3.2mm","RP2040","C2040"
"R_0603_1608Metric","27R","C22789"
"R_0603_1608Metric","10kR","C12030"
"R_0603_1608Metric","1MR","C12038"
"SOIC-8_5.3x5.3mm_P1.27mm","W25Q16JVSS","C82317"
"SW_Push_1P1T_NO_CK_KMR2","SW_Push","C72443"
"USB_A_Connfly_DS1098_Horizontal","USB_A","C386752"
"microSD_HC_Molex_47219-2001","Micro_SD_Card","C164170"
