Ref,Val,Package,PosX,PosY,Rot,Side
"C1","C10nF","C_0603_1608Metric",131.275000,-40.000000,180.000000,bottom
"C2","C10nF","C_0603_1608Metric",127.725000,-52.000000,180.000000,bottom
"C3","C10uF","CP_Elec_5x3",130.008219,-44.213574,0.000000,bottom
"C4","C1uF","C_0603_1608Metric",130.751185,-52.013178,180.000000,bottom
"J1","USB3_A","USB3_A_Plug_Wuerth_692112030100_Horizontal",146.900000,-45.750000,0.000000,bottom
"J2","Micro_SD_Card","microSD_HC_Molex_47219-2001",112.400000,-45.750000,90.000000,bottom
"R1","27R","R_0603_1608Metric",133.825000,-52.000000,180.000000,bottom
"R3","1MR","R_0603_1608Metric",128.100000,-40.000000,180.000000,bottom
"R4","10kR","R_0603_1608Metric",121.000000,-47.000000,-90.000000,bottom
"R5","27R","R_0603_1608Metric",133.772110,-41.360275,-90.000000,bottom
"U3","LT1962-3.3","MSOP-8_3x3mm_P0.65mm",130.387500,-49.025000,0.000000,bottom
"C5","C15pF","C_0603_1608Metric",130.725000,-41.000000,0.000000,top
"C6","C15pF","C_0603_1608Metric",130.725000,-49.500000,0.000000,top
"D1","LED_KRGB","LED_RGB_Lumex_SML-LXT0805SIUGUBW",112.075000,-51.625000,180.000000,top
"R2","10kR","R_0603_1608Metric",110.000000,-46.175000,90.000000,top
"R6","220R","R_0603_1608Metric",117.000000,-48.000000,-135.000000,top
"R7","220R","R_0603_1608Metric",118.916637,-50.083363,-135.000000,top
"R8","220R","R_0603_1608Metric",116.000000,-52.000000,180.000000,top
"SW1","SW_Push","SW_Push_1P1T_NO_CK_KMR2",107.360000,-49.170000,90.000000,top
"U1","RP2040","QFN-56-1EP_7x7mm_P0.4mm_EP3.2x3.2mm",122.842113,-45.203472,45.000000,top
"U2","W25Q128JVP","WSON-8-1EP_6x5mm_P1.27mm_EP3.4x4.3mm",114.138819,-43.138819,45.000000,top
"Y1","12MHz Cryst","Crystal_SMD_5032-2Pin_5.0x3.2mm",130.500000,-45.350001,-90.000000,top
