Comment,Designator,Footprint,LCSC Part #
C10nF,"C1, C2",C_0603_1608Metric,
C10uF,C3,CP_Elec_5x3,
C1uF,C4,C_0603_1608Metric,
C15pF,"C5, C6",C_0603_1608Metric,
LED_KRGB,D1,LED_RGB_Lumex_SML-LXT0805SIUGUBW,
USB3_A,J1,USB3_A_Plug_Wuerth_692112030100_Horizontal,
Micro_SD_Card,J2,microSD_HC_Molex_47219-2001,
27R,"R1, R5",R_0603_1608Metric,
10kR,"R2, R4",R_0603_1608Metric,
1MR,R3,R_0603_1608Metric,
220R,"R6, R7, R8",R_0603_1608Metric,
SW_Push,SW1,SW_Push_1P1T_NO_CK_KMR2,
RP2040,U1,QFN-56-1EP_7x7mm_P0.4mm_EP3.2x3.2mm,
W25Q128JVP,U2,WSON-8-1EP_6x5mm_P1.27mm_EP3.4x4.3mm,
LT1962-3.3,U3,MSOP-8_3x3mm_P0.65mm,
12MHz Cryst,Y1,Crystal_SMD_5032-2Pin_5.0x3.2mm,
